{"cameraMode":{"drawMode":0,"name":"Shaded","section":"Shading Mode"},"sceneLighting":false,"audioPlay":false,"sceneViewState":{"m_AlwaysRefresh":false,"showFog":true,"showSkybox":false,"showFlares":true,"showImageEffects":true,"showParticleSystems":true,"showVisualEffectGraphs":true,"m_FxEnabled":true},"in2DMode":false,"pivot":{"x":25.013559341430665,"y":14.420799255371094,"z":20.57147216796875},"rotation":{"x":0.00020612002117559314,"y":0.9994909763336182,"z":0.03479751944541931,"w":-0.0026566728483885528},"size":15.161879539489746,"orthographic":true}