{"cameraMode":{"drawMode":0,"name":"Shaded","section":"Shading Mode"},"sceneLighting":false,"audioPlay":false,"sceneViewState":{"m_AlwaysRefresh":false,"showFog":true,"showSkybox":false,"showFlares":true,"showImageEffects":true,"showParticleSystems":true,"showVisualEffectGraphs":true,"m_FxEnabled":true},"in2DMode":false,"pivot":{"x":25.013559341430665,"y":14.420799255371094,"z":20.57147216796875},"rotation":{"x":0.18978001177310944,"y":0.7460320591926575,"z":0.5920019149780273,"w":-0.2390759289264679},"size":29.223804473876954,"orthographic":true}