{"cameraMode":{"drawMode":0,"name":"Shaded","section":"Shading Mode"},"sceneLighting":true,"audioPlay":false,"sceneViewState":{"m_AlwaysRefresh":false,"showFog":true,"showSkybox":true,"showFlares":true,"showImageEffects":true,"showParticleSystems":true,"showVisualEffectGraphs":true,"m_FxEnabled":true},"in2DMode":false,"pivot":{"x":173.5635528564453,"y":33.05484390258789,"z":195.16468811035157},"rotation":{"x":-0.019008569419384004,"y":0.980469822883606,"z":-0.12122665345668793,"w":-0.15476356446743012},"size":9.413597106933594,"orthographic":true}