{"cameraMode":{"drawMode":0,"name":"Shaded","section":"Shading Mode"},"sceneLighting":true,"audioPlay":false,"sceneViewState":{"m_AlwaysRefresh":false,"showFog":true,"showSkybox":true,"showFlares":true,"showImageEffects":true,"showParticleSystems":true,"showVisualEffectGraphs":true,"m_FxEnabled":true},"in2DMode":false,"pivot":{"x":35.460960388183597,"y":6.683987140655518,"z":38.10798645019531},"rotation":{"x":-0.03599146381020546,"y":0.7837885618209839,"z":-0.045700810849666598,"w":-0.6184784770011902},"size":15.340712547302246,"orthographic":true}