{"cameraMode":{"drawMode":0,"name":"Shaded","section":"Shading Mode"},"sceneLighting":true,"audioPlay":false,"sceneViewState":{"m_AlwaysRefresh":false,"showFog":true,"showSkybox":true,"showFlares":true,"showImageEffects":true,"showParticleSystems":true,"showVisualEffectGraphs":true,"m_FxEnabled":true},"in2DMode":false,"pivot":{"x":62.59981155395508,"y":31.97002601623535,"z":12.85450553894043},"rotation":{"x":-0.028194034472107889,"y":0.8047365546226502,"z":-0.03845730051398277,"w":-0.5918866395950317},"size":35.265968322753909,"orthographic":true}