{"cameraMode":{"drawMode":0,"name":"Shaded","section":"Shading Mode"},"sceneLighting":false,"audioPlay":false,"sceneViewState":{"m_AlwaysRefresh":false,"showFog":true,"showSkybox":false,"showFlares":true,"showImageEffects":true,"showParticleSystems":true,"showVisualEffectGraphs":true,"m_FxEnabled":true},"in2DMode":false,"pivot":{"x":-7.3000030517578129,"y":0.00000762939453125,"z":18.100006103515626},"rotation":{"x":0.01847670041024685,"y":0.772095799446106,"z":-0.022474853321909906,"w":0.6348955631256104},"size":100.13065338134766,"orthographic":true}